Gift Card,Rating,Customers Rated,Price
Amazon Pay eGift Card,4.5 out of 5 stars,"27,441",₹ 100.00
Google Play Gift Code - Digital Voucher,4.3 out of 5 stars,"5,614","₹ 1,500.00"
Amazon Pay eGift Card,4.5 out of 5 stars,"27,441",₹ 10.00
Amazon Pay eGift Card,4.5 out of 5 stars,"27,441",₹ 100.00
Amazon Pay eGift Card,4.5 out of 5 stars,"27,441",₹ 100.00
Amazon Pay eGift Card,4.5 out of 5 stars,"27,441",₹ 100.00
Amazon Pay eGift Card,4.5 out of 5 stars,"27,441",₹ 100.00
Amazon Pay eGift Card,4.5 out of 5 stars,"27,441",₹ 100.00
Amazon Pay eGift Card,4.5 out of 5 stars,"27,441",₹ 100.00
Amazon Pay eGift Card,4.5 out of 5 stars,"27,441",₹ 100.00
Amazon Pay eGift Card,4.5 out of 5 stars,"27,441",₹ 100.00
Amazon Pay eGift Card,4.5 out of 5 stars,"27,441",₹ 100.00
Amazon Pay eGift Card,4.5 out of 5 stars,"27,441",₹ 100.00
Amazon Pay eGift Card,4.5 out of 5 stars,"27,441","₹ 1,000.00"
Amazon Pay eGift Card,4.5 out of 5 stars,"27,441",₹ 100.00
Amazon Pay eGift Card,4.5 out of 5 stars,"27,441",₹ 100.00
Amazon Pay eGift Card,4.5 out of 5 stars,"27,441",₹ 100.00
Flat 9% off at checkout||Home Centre E-Gift Card,3.9 out of 5 stars,29,₹ 100.00
Amazon Pay eGift Card,4.5 out of 5 stars,"27,441",₹ 100.00
Amazon Pay eGift Card,4.5 out of 5 stars,"27,441",₹ 100.00
Amazon Pay eGift Card,4.5 out of 5 stars,"27,441",₹ 100.00
Flat 9% off at checkout||Max E-Gift Card,4.2 out of 5 stars,115,₹ 100.00
Flat 3% off at checkout||Uber E-Gift Card,4.4 out of 5 stars,910,₹ 100.00
Flat 5% off at checkout||Shoppers Stop - Digital Voucher,4.4 out of 5 stars,924,₹ 500.00
Amazon Pay eGift Card,4.5 out of 5 stars,"27,441",₹ 100.00
Amazon Pay eGift Card,4.5 out of 5 stars,"27,441",₹ 100.00
Amazon Pay eGift Card,4.5 out of 5 stars,"27,441",₹ 100.00
Flat 7% off at checkout||Lifestyle - Digital Voucher,4.5 out of 5 stars,"1,241","₹ 3,000.00"
Amazon Pay eGift Card,4.5 out of 5 stars,"27,441",₹ 100.00
Amazon Pay eGift Card,4.5 out of 5 stars,"27,441",₹ 100.00
Amazon Pay eGift Card,4.5 out of 5 stars,"27,441",₹ 100.00
Amazon Pay eGift Card,4.5 out of 5 stars,"27,441",₹ 100.00
Amazon Pay eGift Card,4.5 out of 5 stars,"27,441","₹ 1,000.00"
Amazon Pay eGift Card,4.5 out of 5 stars,"27,441",₹ 100.00
Amazon Pay eGift Card,4.5 out of 5 stars,"27,441",₹ 100.00
Amazon Pay eGift Card,4.5 out of 5 stars,"27,441",₹ 100.00
Amazon Pay Gift Card - In a Black Box,4.6 out of 5 stars,"1,310","₹ 1,000.00"
BigBasket E-Gift Card,4.4 out of 5 stars,146,₹ 500.00
Amazon Pay eGift Card,4.5 out of 5 stars,"27,441",₹ 100.00
Amazon Pay eGift Card,4.5 out of 5 stars,"27,441",₹ 100.00
Amazon Pay eGift Card,4.5 out of 5 stars,"27,441","₹ 10,000.00"
Amazon Pay eGift Card,4.5 out of 5 stars,"27,441",₹ 100.00
Amazon Pay eGift Card,4.5 out of 5 stars,"27,441",₹ 100.00
Amazon Pay eGift Card,4.5 out of 5 stars,"27,441",₹ 100.00
Amazon Pay eGift Card,4.5 out of 5 stars,"27,441",₹ 100.00
Amazon Pay eGift Card,4.5 out of 5 stars,"27,441",₹ 100.00
Flat 9% off at checkout||Central - Digital Voucher,4.5 out of 5 stars,338,"₹ 1,000.00"
Google Play Gift Code - Digital Voucher,4.3 out of 5 stars,"5,614",₹ 100.00
Amazon Pay eGift Card,4.5 out of 5 stars,"27,441",₹ 100.00
Amazon Pay Gift Card - Best Wishes,4.6 out of 5 stars,873,₹ 500.00
Flat 25% off at checkout||ZEE5 One Year Subscription Digital Voucher,3.2 out of 5 stars,126,₹ 999.00
Amazon Pay eGift Card,4.5 out of 5 stars,"27,441",₹ 100.00
Amazon Pay eGift Card,4.5 out of 5 stars,"27,441",₹ 100.00
Amazon Pay eGift Card,4.5 out of 5 stars,"27,441",₹ 100.00
Flat 4% off at checkout||Big Bazaar Digital Voucher,4.2 out of 5 stars,556,₹ 250.00
Amazon Pay eGift Card,4.5 out of 5 stars,"27,441",₹ 100.00
Flat 6% off at checkout||Pantaloons - Digital Voucher,4.6 out of 5 stars,499,₹ 100.00
Amazon Pay eGift Card,4.5 out of 5 stars,"27,441",₹ 100.00
Amazon Pay eGift Card,4.5 out of 5 stars,"27,441",₹ 100.00
Amazon Pay eGift Card,4.5 out of 5 stars,"27,441",₹ 100.00
Amazon Pay eGift Card,4.5 out of 5 stars,"27,441","₹ 1,000.00"
Flat 3% off at checkout||Grofers E-Gift Card,4.0 out of 5 stars,11,₹ 500.00
Amazon Pay eGift Card,4.5 out of 5 stars,"27,441",₹ 100.00
Amazon Pay eGift Card,4.5 out of 5 stars,"27,441",₹ 100.00
Amazon Pay Gift Card - Best Wishes,4.6 out of 5 stars,873,"₹ 2,000.00"
Amazon Pay eGift Card,4.5 out of 5 stars,"27,441",₹ 100.00
Amazon Pay eGift Card,4.5 out of 5 stars,"27,441",₹ 100.00
Amazon Pay eGift Card,4.5 out of 5 stars,"27,441",₹ 100.00
Amazon Pay eGift Card,4.5 out of 5 stars,"27,441",₹ 100.00
Amazon Pay Gift Card - In a Black Box,4.6 out of 5 stars,"1,310","₹ 3,000.00"
Amazon Pay Gift Card - In a Black Box,4.6 out of 5 stars,"1,310","₹ 5,000.00"
Amazon Pay eGift Card,4.5 out of 5 stars,"27,441",₹ 100.00
Amazon Pay eGift Card,4.5 out of 5 stars,"27,441",₹ 100.00
Flat 7% off at checkout||Fashion at Big Bazaar - Digital Voucher,4.1 out of 5 stars,79,₹ 100.00
Amazon Pay eGift Card,4.5 out of 5 stars,"27,441",₹ 100.00
Get 8% Cashback Upto Rs.500||Westside - Digital Voucher,4.5 out of 5 stars,173,"₹ 1,000.00"
Amazon Pay eGift Card,4.5 out of 5 stars,"27,441","₹ 1,000.00"
Amazon Pay eGift Card,4.5 out of 5 stars,"27,441",₹ 100.00
Amazon Pay Gift Card - In a Black Box,4.6 out of 5 stars,"1,310","₹ 2,000.00"
Flat 30% off at checkout||ZEE5 1 Month Subscription Digital Voucher,3.5 out of 5 stars,13,₹ 99.00
Amazon Pay eGift Card,4.5 out of 5 stars,"27,441","₹ 1,000.00"
Flat 25% off at checkout||ZEE5 Half Year Subscription Digital Voucher,3.8 out of 5 stars,39,₹ 599.00
Amazon Pay eGift Card,4.5 out of 5 stars,"27,441",₹ 100.00
Amazon Pay eGift Card,4.5 out of 5 stars,"27,441",₹ 100.00
Amazon Pay eGift Card,4.5 out of 5 stars,"27,441",₹ 100.00
Amazon Pay eGift Card,4.5 out of 5 stars,"27,441",₹ 100.00
Amazon Pay eGift Card,4.5 out of 5 stars,"27,441","₹ 1,000.00"
Amazon Pay eGift Card,4.5 out of 5 stars,"27,441",₹ 100.00
Amazon Pay eGift Card,4.5 out of 5 stars,"27,441",₹ 100.00
Amazon Pay eGift Card,4.5 out of 5 stars,"27,441",₹ 100.00
Amazon Pay eGift Card,4.5 out of 5 stars,"27,441",₹ 100.00
Amazon Pay eGift Card,4.5 out of 5 stars,"27,441",₹ 100.00
Amazon Pay eGift Card,4.5 out of 5 stars,"27,441",₹ 100.00
Amazon Pay eGift Card,4.5 out of 5 stars,"27,441",₹ 100.00
Amazon Pay eGift Card,4.5 out of 5 stars,"27,441",₹ 100.00
Amazon Pay eGift Card,4.5 out of 5 stars,"27,441",₹ 100.00
Amazon Pay eGift Card,4.5 out of 5 stars,"27,441",₹ 100.00
Amazon Pay eGift Card,4.5 out of 5 stars,"27,441",₹ 100.00
Get 40% Cashback||SonyLIV E-Gift Card,3.5 out of 5 stars,9,₹ 999.00
Amazon Pay eGift Card,4.5 out of 5 stars,"27,441",₹ 100.00
